Name,Phone,Website,Address,Source,Created At
Leadflow NYC - Lead Gen Agency for Nonprofits & Entrepreneurs,,http://www.leadflow.nyc/,"340 E 23rd St, New York, NY 10010, United States",google_maps,2026-02-09T20:57:27.938Z
Lead Nectar,+1 646-389-2528,http://www.leadnectar.net/,"442 5th Ave #2209, New York, NY 10018, United States",google_maps,2026-02-09T20:57:30.745Z
Lead Marketing Strategies - Digital Marketing Agency,+1 631-489-5088,https://www.leadmarketingstrategies.com/,"1139-7 Jericho Tpke, Commack, NY 11725, United States",google_maps,2026-02-09T20:57:32.963Z
BusySeed,+1 888-353-1484,https://www.busyseed.com/,"1178 Broadway #508, New York, NY 10001, United States",google_maps,2026-02-09T20:57:35.191Z
Lead Generation Company,+1 856-840-8322,http://leadgeneration.com/contact-us/,"100 Park Ave, New York, NY 10017, United States",google_maps,2026-02-09T20:57:37.272Z
Demand Growth Digital,+1 646-492-8643,http://demandgrowthdigital.com/,"135 Madison Ave 5th Floor, New York, NY 10016, United States",google_maps,2026-02-09T20:57:39.597Z
Jives Media,+1 929-265-5595,https://www.jivesmedia.com/digital-marketing-agency-in-manhattan-ny/,"800 6th Ave Suite 36C, New York, NY 10001, United States",google_maps,2026-02-09T20:57:41.720Z
Leadige Media Group,+1 646-303-7851,https://leadige.agency/,"1501 Broadway 12th floor, New York, NY 10036, United States",google_maps,2026-02-09T20:57:43.851Z
SmartKonnects Inc.- Lead Generation Agency,+1 877-407-9321,https://www.smartkonnects.com/?utm_source=gmb&utm_medium=organic&utm_campaign=website-tracking,"511 6th Ave #4019, New York, NY 10011, United States",google_maps,2026-02-09T20:57:46.123Z
Main Street ROI,+1 646-470-3753,https://www.mainstreetroi.com/?utm_source=google&utm_medium=google%20my%20business,"Tbilisi, Georgia",google_maps,2026-02-09T20:57:48.258Z
Just Lead Market | Best Digital Marketing Agency - New York,+1 929-509-5144,https://justleadmarket.com/,"902 Foster Ave, Brooklyn, NY 11230, United States",google_maps,2026-02-09T20:57:50.737Z
Star Tech SEO - Digital Marketing Agency New York,+1 212-970-5854,https://startechseo.com/?utm_source=google&utm_medium=gmb&utm_campaign=organic,"481 8th Ave suite #627, New York, NY 10001, United States",google_maps,2026-02-09T20:57:52.944Z
JUICE: Full Service Digital Marketing Agency,+1 212-688-3683,http://www.thinkjuice.com/,"250 Hudson St 2nd Floor, New York, NY 10013, United States",google_maps,2026-02-09T20:57:55.220Z
Verbsz Marketing,+1 571-303-9090,https://www.verbszmarketing.com/new-york-digital-marketing-agency/,"287 Park Ave S Suite 700, New York, NY 10010, United States",google_maps,2026-02-09T20:57:57.338Z
Leadbird,+1 917-224-9333,https://leadbird.com/,"500 7th Ave #7th, New York, NY 10018, United States",google_maps,2026-02-09T20:57:59.653Z
DiscoverMyBusiness Digital Marketing Agency,+1 877-522-7738,https://discovermybusiness.co/,"261 Madison Ave, New York, NY 10016, United States",google_maps,2026-02-09T20:58:01.806Z
Leaddog,+1 212-488-6539,,"440 9th Ave, New York, NY 10001, United States",google_maps,2026-02-09T20:58:03.968Z
Netrocket HVAC Marketing Agency,+1 929-389-0344,https://netrocket.pro/?utm_source=google&utm_medium=gmb&utm_campaign=ny,"16 Court St, Brooklyn, NY 11241, United States",google_maps,2026-02-09T20:58:06.246Z
Golden Web Media,+1 201-800-4692,https://goldenwebmedia.com/,"430 Park Ave, New York, NY 10022, United States",google_maps,2026-02-09T20:58:08.370Z
Digital Drew SEM,+1 917-513-0533,https://www.digitaldrewsem.com/,"110 E 28th St 10th Floor, New York, NY 10016, United States",google_maps,2026-02-09T20:58:11.121Z